place_name,district,address,search_query,yandex_name,yandex_address,yandex_categories,yandex_maps_url,status,error
"Художественный, кинотеатр",ЦАО,"Арбатская площадь, 14 ст1","Художественный, кинотеатр Арбатская площадь, 14 ст1 Москва",Художественный,"Москва, Арбатская площадь, 14, стр. 1",Кинотеатр,https://yandex.com/maps/org/khudozhestvenny/1061493289/,found,
"Круглый шар, бильярдный зал",ЦАО,"переулок Столешников, 7 ст5","Круглый шар, бильярдный зал переулок Столешников, 7 ст5 Москва",Круглый шар,"Москва, Столешников пер., 7, стр. 5","Бильярдный клуб, бар",https://yandex.com/maps/org/krugly_shar/40896020014/,found,
"Billie, бильярдный клуб",ЦАО,"Неглинная улица, 29","Billie, бильярдный клуб Неглинная улица, 29 Москва",Billie,"Москва, Неглинная ул., 29, стр. 1","Бильярдный клуб, ресторан, бар",https://yandex.com/maps/org/billie/217701042835/,found,
"Escapist, бар",ЦАО,"Большой Трёхсвятительский переулок, 2/1 ст1","Escapist, бар Большой Трёхсвятительский переулок, 2/1 ст1 Москва",Escapist,"Москва, Большой Трёхсвятительский пер., 2/1с1",Бар,https://yandex.com/maps/org/escapist/194520248099/,found,
"8 шаров, бильярдный клуб",ЦАО,"Большой Трёхсвятительский переулок, 2/1 ст8","8 шаров, бильярдный клуб Большой Трёхсвятительский переулок, 2/1 ст8 Москва",8 Шаров,"Москва, Большой Трёхсвятительский пер., 2/1с8","Бильярдный клуб, бар",https://yandex.com/maps/org/8_balls/210903462836/,found,
"Би Ба Бо, развлекательный комплекс",ЦАО,"Карманицкий переулок, 9","Би Ба Бо, развлекательный комплекс Карманицкий переулок, 9 Москва",БиБаБо,"Москва, Карманицкий пер., 9","Боулинг, ресторан, бильярдный клуб",https://yandex.com/maps/org/bibabo/1125320721/,found,
"Маддиттони, ресторан",ЦАО,"Новокузнецкая улица, 24 ст2","Маддиттони, ресторан Новокузнецкая улица, 24 ст2 Москва",Маддиттони,"Москва, Новокузнецкая ул., 24, стр. 2","Ресторан, бар, бильярдный клуб",https://yandex.com/maps/org/maddittoni/103162507645/,found,
"Высотка, развлекательный центр",ЦАО,"Кудринская площадь, 1 ст1","Высотка, развлекательный центр Кудринская площадь, 1 ст1 Москва",Высотка,"Москва, Кудринская площадь, 1, стр. 1","Боулинг, караоке-клуб, бильярдный клуб",https://yandex.com/maps/org/vysotka/153518195404/,found,
"Дорожка, клуб любителей боулинга",ЦАО,"3-я улица Ямского Поля, 2 к5","Дорожка, клуб любителей боулинга 3-я улица Ямского Поля, 2 к5 Москва",Дорожка,"Москва, 3-я ул. Ямского Поля, 2, корп. 5А","Боулинг, бильярдный клуб",https://yandex.com/maps/org/dorozhka/31539182764/,found,
"Double Kiss, бильярдный клуб",ЦАО,"Лесная улица, 20 ст3","Double Kiss, бильярдный клуб Лесная улица, 20 ст3 Москва",Double Kiss,"Москва, Лесная ул., 20, стр. 3",Бильярдный клуб,https://yandex.com/maps/org/double_kiss/150184536428/,found,
"Трикстер, бильярдный клуб",ЦАО,"Старая Басманная улица, 9 к1","Трикстер, бильярдный клуб Старая Басманная улица, 9 к1 Москва",Трикстер,"Москва, Старая Басманная ул., 9, корп. 1","Бильярдный клуб, банкетный зал, ресторан",https://yandex.com/maps/org/trikster/226810397670/,found,
Бильярдный клуб №1,ЗАО,"Киевская улица, 2","Бильярдный клуб №1 Киевская улица, 2 Москва",Бильярдный клуб № 1,"Москва, Киевская ул., 2","Бильярдный клуб, караоке-клуб, ресторан",https://yandex.com/maps/org/bilyardnyy_klub_1/77420212090/,found,
"Double Kiss, бильярдный клуб",ЦАО,"Новорязанская улица, 23 ст1","Double Kiss, бильярдный клуб Новорязанская улица, 23 ст1 Москва",Double Kiss,"Москва, Новорязанская ул., 23, стр. 1",Бильярдный клуб,https://yandex.com/maps/org/double_kiss/213331109701/,found,
77 Бильярд на Менделеевской,ЦАО,"Новослободская улица, 14/19 ст1","77 Бильярд на Менделеевской Новослободская улица, 14/19 ст1 Москва",Бильярд,"Москва, Новослободская ул., 14/19с1",Бильярдный клуб,https://yandex.com/maps/org/billiard/133068663404/,found,
Бильярдная на Пресне,ЦАО,"Шмитовский проезд, 16 ст2","Бильярдная на Пресне Шмитовский проезд, 16 ст2 Москва",Бильярдная на Пресне,"Москва, Шмитовский пр., 16, стр. 2","Бильярдный клуб, спортбар, ресторан",https://yandex.com/maps/org/billiardnaya_na_presnya/45232640012/?yclid=11573807810980347903,found,
"Сова, бильярдный клуб",ЦАО,"Марксистская улица, 34 к8","Сова, бильярдный клуб Марксистская улица, 34 к8 Москва",Sova,"Москва, Марксистская ул., 34, корп. 8","Бильярдный клуб, магазин бильярда, ресторан, кафе, бар",https://yandex.com/maps/org/sova/228276431826/,found,
"Snp.bilyard, школа бильярда",ЦАО,"Грузинский переулок, 6","Snp.bilyard, школа бильярда Грузинский переулок, 6 Москва",Все для бильярда,,"Магазин бильярда, бильярдный клуб",https://yandex.com/maps/org/billiard_shop/192315982642/,found,
"Ту-15, развлекательный комплекс",ЦАО,"набережная Академика Туполева, 15","Ту-15, развлекательный комплекс набережная Академика Туполева, 15 Москва",Ту-15,"Москва, наб. Академика Туполева, 15","Боулинг, развлекательный центр, бильярдный клуб",https://yandex.com/maps/org/tu_15/1227095991/,found,
"Клуб 29, сауна",ЦАО,"Малая Грузинская улица, 29","Клуб 29, сауна Малая Грузинская улица, 29 Москва",Клуб 29,"Москва, Малая Грузинская ул., 29","Сауна, баня, бассейн",https://yandex.com/maps/org/klub_29/1374088197/,found,
"Космик, кинотеатр",СВАО,"Шереметьевская улица, 20","Космик, кинотеатр Шереметьевская улица, 20 Москва",Космик,"Москва, Шереметьевская ул., 20","Кинотеатр, бильярдный клуб",https://yandex.com/maps/org/cosmik/95894593489/,found,
"Москва, дом русского бильярда",САО,"Вятская улица, 41а","Москва, дом русского бильярда Вятская улица, 41а Москва",Дом русского бильярда,"Москва, Вятская ул., 41А",Бильярдный клуб,https://yandex.com/maps/org/dom_russkogo_bilyarda/89680221983/,found,
"Империя, спортбар и бильярдный клуб",ЦАО,"Ленинградский проспект, 31а ст1","Империя, спортбар и бильярдный клуб Ленинградский проспект, 31а ст1 Москва",Империя,"Москва, Ленинградский просп., 31А, стр. 1","Бильярдный клуб, спортбар, ресторан",https://yandex.com/maps/org/sport_bar_imperia/134722758868/,found,
"Царство Пара, Банный комплекс",ЮВАО,"улица Крутицкий Вал, 8/22","Царство Пара, Банный комплекс улица Крутицкий Вал, 8/22 Москва",Царство Пара,"Москва, ул. Крутицкий Вал, 8/22","Сауна, баня, бассейн",https://yandex.com/maps/org/tsarstvo_para/150734065054/,found,
"811, ресторан-бильярдная в британском стиле",ЮАО,"5-й Донской проезд, 23","811, ресторан-бильярдная в британском стиле 5-й Донской проезд, 23 Москва",Клуб 811,"Москва, 5-й Донской пр., 23","Бильярдный клуб, ресторан, бар",https://yandex.com/maps/org/billiard_club_811/222182407396/,found,
"Космик, развлекательные центры",ЦАО,"Пресненская набережная, 2","Космик, развлекательные центры Пресненская набережная, 2 Москва",Космик,"Москва, Пресненская наб., 2","Боулинг, бильярдный клуб, игровой клуб",https://yandex.com/maps/org/amusement_park_kosmik/1512244889/,found,
"Paranoid, бар",ЦАО,"Ольховская улица, 14 ст2","Paranoid, бар Ольховская улица, 14 ст2 Москва",Paranoid,"Москва, Ольховская ул., 14, стр. 9","Бильярдный клуб, кофейня, бар",https://yandex.com/maps/org/paranoid/160304223382/,found,
"Бтк, бильярд-бар",СВАО,"проспект Мира, 102 к1","Бтк, бильярд-бар проспект Мира, 102 к1 Москва",БТК,"Москва, просп. Мира, 102, корп. 1","Бар, быстрое питание, бильярдный клуб",https://yandex.com/maps/org/btk/231739147514/,found,
"Русская охота, сауна",ЦАО,"Гарднеровский переулок, 3 ст4","Русская охота, сауна Гарднеровский переулок, 3 ст4 Москва",Русская охота,"Москва, Гарднеровский пер., 3, стр. 4","Сауна, баня, бассейн",https://yandex.com/maps/org/russkaya_ohota/1770328735/,found,
"Кутузовский, бильярдный клуб",ЗАО,"Кутузовский проспект, 36 ст4","Кутузовский, бильярдный клуб Кутузовский проспект, 36 ст4 Москва",Кутузовский бильярдный клуб,"Москва, Кутузовский просп., 36, стр. 4","Бильярдный клуб, столовая, бар",https://yandex.com/maps/org/bilyardny_klub_kutuzovsky/1335997578/,found,
"13.1, бильярдный клуб",ЮВАО,"Волочаевская улица, 12а ст1а","13.1, бильярдный клуб Волочаевская улица, 12а ст1а Москва",Бильярдный клуб 13.1,"Москва, Волочаевская ул., 12А, стр. 1А",Бильярдный клуб,https://yandex.com/maps/org/bilyardny_klub_13_1/131361611408/,found,
"Ballers Street, развлекательный центр",ЮАО,"Автозаводская улица, 18","Ballers Street, развлекательный центр Автозаводская улица, 18 Москва",Ballers Street,"Москва, Автозаводская ул., 18","Боулинг, ресторан, бильярдный клуб, игровой клуб",https://yandex.com/maps/org/ballers_street/52855984032/,found,
Так сказать,ЦАО,"Сибирский проезд, 2 к27","Так сказать Сибирский проезд, 2 к27 Москва",,,,,not_found,Не открылась карточка и не появились результаты поиска
"Банный клуб на Бауманке, банный клуб",ЦАО,"Бауманская улица, 22","Банный клуб на Бауманке, банный клуб Бауманская улица, 22 Москва",Банный клуб на Бауманке,"Москва, Бауманская ул., 22","Сауна, баня, бассейн",https://yandex.com/maps/org/bannyj_klub_na_baumanke/170627535901/,found,
"Аутпаб, паб-бильярдная",ЦАО,"Верхняя Красносельская улица, 8 к3","Аутпаб, паб-бильярдная Верхняя Красносельская улица, 8 к3 Москва",Аут,"Москва, Верхняя Красносельская ул., 8, корп. 3","Паб, бар, бильярдный клуб",https://yandex.com/maps/org/out_pub/194762932067/,found,
"Бамберо, бар-ресторан и бильярдная",СВАО,"проспект Мира, 91 к3","Бамберо, бар-ресторан и бильярдная проспект Мира, 91 к3 Москва",Бамберо,"Москва, просп. Мира, 91, корп. 3","Бильярдный клуб, спортбар, бар",https://yandex.com/maps/org/bambero/1073948574/,found,
"Полигон Холл, бильярдный клуб",ЦАО,"Олимпийский проспект, 16 ст5","Полигон Холл, бильярдный клуб Олимпийский проспект, 16 ст5 Москва",Полигон,"Москва, Олимпийский просп., 16, стр. 5","Бильярдный клуб, кафе, бар",https://yandex.com/maps/org/polygon/28364988683/,found,
"Semenov, развлекательный комплекс",ВАО,"Ткацкая улица, 5 ст7","Semenov, развлекательный комплекс Ткацкая улица, 5 ст7 Москва",Фабрика на Ткацкой,"Москва, Ткацкая ул., 5, стр. 7","Ресторан, караоке-клуб, боулинг",https://yandex.com/maps/org/semenov_club/1223403517/,found,
"15-й шар, бильярдный клуб-кафе",ВАО,"улица Стромынка, 25 ст1","15-й шар, бильярдный клуб-кафе улица Стромынка, 25 ст1 Москва",15-й Шар,"Москва, ул. Стромынка, 25, стр. 1","Бильярдный клуб, ресторан, кафе",https://yandex.com/maps/org/15_y_shar/153467477131/,found,
"12 футов под кием, караоке-бар",СВАО,"Складочная улица, 1 ст13","12 футов под кием, караоке-бар Складочная улица, 1 ст13 Москва",Бильярдный клуб 12 Футов Под Кием,"Москва, Складочная ул., 1, стр. 13",Бильярдный клуб,https://yandex.com/maps/org/billiard_club_12_futov_pod_kiem/15841240096/,found,
"Джентльмены Удачи, бильярдный клуб",САО,"Тимирязевская улица, 2/3","Джентльмены Удачи, бильярдный клуб Тимирязевская улица, 2/3 Москва",Джентльмены удачи,"Москва, Тимирязевская ул., 2/3","Бильярдный клуб, кафе, бар",https://yandex.com/maps/org/lucky_gentlemen/120072884677/,found,
Банный Дом,СВАО,"Большая Марьинская улица, 1а","Банный Дом Большая Марьинская улица, 1а Москва",Банный Дом,"Москва, Большая Марьинская ул., 1А","Сауна, баня",https://yandex.com/maps/org/bath_house/106775595012/,found,
"Биллинс, бильярдный клуб",ЮАО,"улица Архитектора Щусева, 2 к2","Биллинс, бильярдный клуб улица Архитектора Щусева, 2 к2 Москва",Биллинс,"Москва, ул. Архитектора Щусева, 2, корп. 2","Бильярдный клуб, ресторан, бар",https://yandex.com/maps/org/billins/121011163054/,found,
"777, бильярдный клуб",ЮВАО,"Шарикоподшипниковская улица, 11","777, бильярдный клуб Шарикоподшипниковская улица, 11 Москва",Бильярдный клуб 777,"Москва, Шарикоподшипниковская ул., 11, стр. 5",Бильярдный клуб,https://yandex.com/maps/org/bilyardny_klub_777/232199778327/,found,
Бильярдный клуб,ЦАО,"улица Сущёвский Вал, 5 ст21","Бильярдный клуб улица Сущёвский Вал, 5 ст21 Москва",Дом русского бильярда,"Москва, Вятская ул., 41А",Бильярдный клуб,https://yandex.com/maps/org/dom_russkogo_bilyarda/89680221983/,found,
"Олимп, бильярдный клуб",САО,"Петровско-Разумовский проезд, 27а ст2","Олимп, бильярдный клуб Петровско-Разумовский проезд, 27а ст2 Москва",Олимп,"Москва, Петровско-Разумовский пр., 27А, стр. 2","Бильярдный клуб, банкетный зал, кафе",https://yandex.com/maps/org/olimp/175194695259/,found,
"МАБ, бильярдный клуб",САО,"Ленинградский проспект, 80 к17","МАБ, бильярдный клуб Ленинградский проспект, 80 к17 Москва",Маб,"Москва, Ленинградский просп., 80, корп. 17","Бильярдный клуб, ресторан",https://yandex.com/maps/org/mab/34871419925/,found,
Бильярдный клуб,СВАО,"Складочная улица, 1д ст4","Бильярдный клуб Складочная улица, 1д ст4 Москва",Бильярд,"Москва, Складочная ул., 1, стр. 50",Бильярдный клуб,https://yandex.com/maps/org/bilyard/216202892139/,found,
"Kg, бильярдный зал",ЮВАО,"Волгоградский проспект, 32 ст8","Kg, бильярдный зал Волгоградский проспект, 32 ст8 Москва",Бильярд Kg,"Москва, Волгоградский просп., 32, корп. 8",Бильярдный клуб,https://yandex.com/maps/org/bilyard_kg/28024478019/,found,
"Шереметьевский, фитнес-центр",САО,"улица Вучетича, 32 ст2","Шереметьевский, фитнес-центр улица Вучетича, 32 ст2 Москва",Велнес,"Москва, ул. Вучетича, 32","Бассейн, спортивный, тренажёрный зал, фитнес-клуб",https://yandex.com/maps/org/wellness/1154027658/,found,
"Игрок, бильярдный зал",САО,"Дмитровское шоссе, 37 к1","Игрок, бильярдный зал Дмитровское шоссе, 37 к1 Москва",Игрок,"Москва, Дмитровское ш., 37, корп. 1","Бильярдный клуб, одежда оптом",https://yandex.com/maps/org/igrok/33470873842/,found,
"SunClub, бильярдный клуб",САО,"Часовая улица, 11/3","SunClub, бильярдный клуб Часовая улица, 11/3 Москва",СанКлуб,"Москва, ул. Асеева, 3",Бильярдный клуб,https://yandex.com/maps/org/sun_club/2293940441/,found,
"Gladiator, бильярдный клуб",СВАО,"улица Фонвизина, 17","Gladiator, бильярдный клуб улица Фонвизина, 17 Москва",Гладиатор,"Москва, ул. Фонвизина, 17","Бильярдный клуб, спортбар, кафе",https://yandex.com/maps/org/gladiator/1104744800/,found,
"Квартира №9, бильярдный клуб",СВАО,"Ботаническая улица, 14а","Квартира №9, бильярдный клуб Ботаническая улица, 14а Москва",Квартира № 9,"Москва, Ботаническая ул., 14А","Бильярдный клуб, спортбар, развлекательный центр",https://yandex.com/maps/org/kvartira_9/169194441350/,found,
"Библиотека, бильярдный клуб",СВАО,"Гостиничная улица, 9а к3","Библиотека, бильярдный клуб Гостиничная улица, 9а к3 Москва",Библиотека,"Москва, Гостиничная ул., 9А",Бильярдный клуб,https://yandex.com/maps/org/biblioteka/38215006942/,found,
"Манас, бильярдный клуб",САО,"Кронштадтский бульвар, 47","Манас, бильярдный клуб Кронштадтский бульвар, 47 Москва",Манас,"Москва, Кронштадтский бул., 47",Бильярдный клуб,https://yandex.com/maps/org/manas/241863988062/,found,
"Bil House, бильярдный клуб",САО,"Флотская улица, 7 ст1","Bil House, бильярдный клуб Флотская улица, 7 ст1 Москва",Bil House,"Москва, Флотская ул., 7, стр. 1","Ресторан, спортбар, бильярдный клуб",https://yandex.com/maps/org/bil_house/84889460837/,found,
"Легенда на Флотской, бильярдный клуб",САО,"Флотская улица, 5в","Легенда на Флотской, бильярдный клуб Флотская улица, 5в Москва",Легенда,"Москва, Флотская ул., 5, корп. В","Ресторан, бильярдный клуб",https://yandex.com/maps/org/legenda/65268431726/,found,
"Загородный, банный комплекс на дровах",СЗАО,"Авиационная улица, 17","Загородный, банный комплекс на дровах Авиационная улица, 17 Москва",Загородный,"Москва, Авиационная ул., 17","Баня, бассейн, сауна",https://yandex.com/maps/org/zagorodnyy/231732658452/,found,
"Земля и Небо, ресторан",СВАО,"Санникова улица, 17 ст2","Земля и Небо, ресторан Санникова улица, 17 ст2 Москва",Земля и Небо,"Москва, ул. Санникова, 17, стр. 2",Бильярдный клуб,https://yandex.com/maps/org/zemlya_i_nebo/113828680976/,found,
"Пив&ко, пивной ресторан",СЗАО,"улица Народного Ополчения, 28 к1","Пив&ко, пивной ресторан улица Народного Ополчения, 28 к1 Москва",Пив&Ко,"Москва, ул. Народного Ополчения, 28, корп. 1","Ресторан, кафе, бильярдный клуб",https://yandex.com/maps/org/bar_piv_ko/137511521399/,found,
Усадьба Банная,СЗАО,"Вишнёвая улица, 13","Усадьба Банная Вишнёвая улица, 13 Москва",Усадьба Банная,"Москва, Вишнёвая ул., 13","Баня, сауна, спа-салон",https://yandex.com/maps/org/usadba_bannaya/1163057802/,found,
"Свояк, бильярдный клуб",СВАО,"Алтуфьевское шоссе, 22Б","Свояк, бильярдный клуб Алтуфьевское шоссе, 22Б Москва",Свояк,"Москва, Алтуфьевское ш., 22Б",Бильярдный клуб,https://yandex.com/maps/org/svoyak/18059517993/,found,
"Шаровня, бильярд-клуб",САО,"Инженерная улица, 3","Шаровня, бильярд-клуб Инженерная улица, 3 Москва",Шаровня,"Москва, Инженерная ул., 3","Бильярдный клуб, магазин бильярда, ресторан",https://yandex.com/maps/org/sharovnya/230143214373/,found,
Московская академия снукера,СВАО,"Ракетный бульвар, 16","Московская академия снукера Ракетный бульвар, 16 Москва",Московская академия Снукера,"Москва, Ракетный бул., 16","Бильярдный клуб, кафе, бар",https://yandex.com/maps/org/moscow_snooker_academy/20700137247/,found,
"Шар, бильярдная",СВАО,"улица Римского-Корсакова, 11 к5","Шар, бильярдная улица Римского-Корсакова, 11 к5 Москва",Шар Лаунж,"Москва, ул. Римского-Корсакова, 11, корп. 5","Кальян-бар, суши-бар, бильярдный клуб",https://yandex.com/maps/org/shar_lounge/170953780482/,found,
"Космик, развлекательные центры",САО,"Лобненская улица, 4а","Космик, развлекательные центры Лобненская улица, 4а Москва",Космик,"Москва, Лобненская ул., 4А","Развлекательный центр, ресторан, боулинг",https://yandex.com/maps/org/kosmik/43157577115/,found,
"Легенда, бильярдный клуб",СЗАО,"Пятницкое шоссе, 3","Легенда, бильярдный клуб Пятницкое шоссе, 3 Москва",Легенда № 1,"Москва, Пятницкое ш., 3","Бильярдный клуб, ресторан, бар",https://yandex.com/maps/org/legend_1/1570559919/,found,
"Шарон Премиум, развлекательный комплекс",СВАО,"Алтуфьевское шоссе, 70 к1","Шарон Премиум, развлекательный комплекс Алтуфьевское шоссе, 70 к1 Москва",Шарон,"Москва, Алтуфьевское ш., 70, корп. 1","Боулинг, караоке-клуб, ресторан",https://yandex.com/maps/org/sharon/1128322398/,found,
"Royal new, бильярдный клуб",СЗАО,"улица Мнёвники, 7 к2","Royal new, бильярдный клуб улица Мнёвники, 7 к2 Москва",Роял Нью,"Москва, ул. Мнёвники, 7, корп. 2","Бильярдный клуб, кафе",https://yandex.com/maps/org/royal_new/116323510735/,found,
Бильярдный клуб,ВАО,"Краснобогатырская улица, 2 ст3","Бильярдный клуб Краснобогатырская улица, 2 ст3 Москва",Бильярдная,"Москва, Краснобогатырская ул., 2, стр. 3",Бильярдный клуб,https://yandex.com/maps/org/bilyardnaya/199627340133/,found,
"Фора, бильярдный клуб",СВАО,"улица Павла Корчагина, 2","Фора, бильярдный клуб улица Павла Корчагина, 2 Москва",Фора,"Москва, ул. Павла Корчагина, 2",Бильярдный клуб,https://yandex.com/maps/org/fora/74470067332/,found,
Легенда,ВАО,"Колодезный переулок, 3","Легенда Колодезный переулок, 3 Москва",Колодезный,"Москва, Колодезный пер., 3","Торговый центр, строительный гипермаркет",https://yandex.com/maps/org/kolodezny/166377467691/,found,
"33 шара, бильярдный клуб",Другое,"Окружной проезд, вл2а ст1","33 шара, бильярдный клуб Окружной проезд, вл2а ст1 Москва",33 Шара,"Москва, Окружной пр., вл2Ас1",Бильярдный клуб,https://yandex.com/maps/org/33_shara/48272973064/,found,
"Планета боулинга, развлекательный центр",ВАО,"Измайловское шоссе, 71 к4г-д","Планета боулинга, развлекательный центр Измайловское шоссе, 71 к4г-д Москва",Планета Боулинг,"Москва, Измайловское ш., 71к4Г-Д","Боулинг, кафе, бильярдный клуб",https://yandex.com/maps/org/planeta_bouling/1135255807/,found,
"7, бильярдный клуб",СВАО,"улица Лётчика Бабушкина, 30 ст1","7, бильярдный клуб улица Лётчика Бабушкина, 30 ст1 Москва",Бильярдный клуб 7,"Москва, ул. Лётчика Бабушкина, 30, стр. 1","Бильярдный клуб, развлекательный центр",https://yandex.com/maps/org/bilyardny_klub_7/16772821791/,found,
"Амазония, ресторан",ВАО,"Измайловское шоссе, 71 к4г-д","Амазония, ресторан Измайловское шоссе, 71 к4г-д Москва",Амазония,"Москва, Измайловское ш., 71к4Г-Д","Кафе, ресторан, бар",https://yandex.com/maps/org/amazoniya/127725598836/,found,
"Imperia, бильярдный клуб",ВАО,"Ткацкая улица, 4","Imperia, бильярдный клуб Ткацкая улица, 4 Москва",Империя,"Москва, Ткацкая ул., 4",Бильярдный клуб,https://yandex.com/maps/org/imperia/25081719502/,found,
"Клуб 71, бильярдный клуб",ВАО,"улица Николая Химушина, 5 ст3","Клуб 71, бильярдный клуб улица Николая Химушина, 5 ст3 Москва",Клуб 71,"Москва, ул. Николая Химушина, 5, стр. 3","Бильярдный клуб, спортбар",https://yandex.com/maps/org/club_71/1004111815/,found,
"Лидер, бильярдный клуб",СВАО,"Ясный проезд, 10","Лидер, бильярдный клуб Ясный проезд, 10 Москва",Лидер,"Москва, Ясный пр., 10",Бильярдный клуб,https://yandex.com/maps/org/lider/91042564110/,found,
"Фортуна, бильярдный клуб",СВАО,"Юрловский проезд, 13","Фортуна, бильярдный клуб Юрловский проезд, 13 Москва",Фортуна,"Москва, Юрловский пр., 13","Бильярдный клуб, теннисный клуб, игровые приставки",https://yandex.com/maps/org/fortuna/177567929314/,found,
"Фрунзе, чайхана",СВАО,"Широкая улица, 21","Фрунзе, чайхана Широкая улица, 21 Москва",Чайхана Фрунзе,"Москва, Широкая ул., 21",Ресторан,https://yandex.com/maps/org/chaikhana_frunze/203409309049/,found,
"Массе, бильярдный зал",СВАО,"Тайнинская улица, 19","Массе, бильярдный зал Тайнинская улица, 19 Москва",Массе,"Москва, Тайнинская ул., 19","Бильярдный клуб, кафе, бар",https://yandex.com/maps/org/masse/89147038911/,found,
"312, бильярдный зал",ВАО,"Семёновский переулок, 21","312, бильярдный зал Семёновский переулок, 21 Москва",Клуб 312,"Москва, Семёновский пер., 21",Бильярдный клуб,https://yandex.com/maps/org/klub_312/223108041285/,found,
Бильярдный клуб,ВАО,"Новогиреевская улица, 29 к1","Бильярдный клуб Новогиреевская улица, 29 к1 Москва",Бильярдный клуб,"Москва, Новогиреевская ул., 29, корп. 1","Бильярдный клуб, бар",https://yandex.com/maps/org/bilyardny_klub/31644381714/,found,
"Пирамммида, лаундж-бар",ВАО,"3-я Парковая улица, 41а","Пирамммида, лаундж-бар 3-я Парковая улица, 41а Москва",Пирамммида,"Москва, 3-я Парковая ул., 41А","Бильярдный клуб, бар",https://yandex.com/maps/org/pirammmida/196987472428/,found,
"Бильярд для всех, школа спортивного бильярда",ВАО,"улица Лазо, 12","Бильярд для всех, школа спортивного бильярда улица Лазо, 12 Москва",Школа спортивного бильярда,"Москва, ул. Лазо, 12",Бильярдный клуб,https://yandex.com/maps/org/shkola_sportivnogo_bilyarda/168051996297/,found,
"Сокровища Фараона, боулинг-клуб",ЮВАО,"Зеленодольская улица, 30 к3","Сокровища Фараона, боулинг-клуб Зеленодольская улица, 30 к3 Москва",Сокровища Фараона,"Москва, Зеленодольская ул., 30, корп. 3","Боулинг, банкетный зал, магазин бильярда, бильярдный клуб",https://yandex.com/maps/org/sokrovishcha_faraona/1134833993/,found,
"Альбатрос, бильярдный клуб-бар",ВАО,"16-я Парковая улица, 39","Альбатрос, бильярдный клуб-бар 16-я Парковая улица, 39 Москва",Сириус,"Москва, 16-я Парковая ул., 39","Бильярдный клуб, спортбар, кафе, бар",https://yandex.com/maps/org/sirius/78685072432/,found,
"Беркут, бильярдный клуб",ВАО,"Уральская улица, вл1Б ст1","Беркут, бильярдный клуб Уральская улица, вл1Б ст1 Москва",Беркут,"Москва, Уральская ул., 1Б, стр. 1",Бильярдный клуб,https://yandex.com/maps/org/berkut/101737305302/,found,
"Poolroom, бильярдный клуб",ВАО,"Вешняковская улица, 17Б","Poolroom, бильярдный клуб Вешняковская улица, 17Б Москва",Poolroom,"Москва, Вешняковская ул., 17Б","Бильярдный клуб, кафе, бар",https://yandex.com/maps/org/poolroom/196165071952/,found,
"Доминик, бильярдный клуб-бар",ВАО,"16-я Парковая улица, 30 ст3","Доминик, бильярдный клуб-бар 16-я Парковая улица, 30 ст3 Москва",Доминик,"Москва, 16-я Парковая ул., 30, стр. 3","Бильярдный клуб, кафе, бар",https://yandex.com/maps/org/dominick/1308022491/,found,
"7 не 8, бильярдный клуб",ВАО,"Алтайская улица, 17а","7 не 8, бильярдный клуб Алтайская улица, 17а Москва",7 Не 8,"Москва, Алтайская ул., 17А","Бильярдный клуб, игровые приставки",https://yandex.com/maps/org/7_ne_8/233879950128/,found,
"Луидор, бильярдный клуб",Другое,"Ашхабадская улица, 2","Луидор, бильярдный клуб Ашхабадская улица, 2 Москва",Луидор,"Реутов, Ашхабадская ул., 2","Бильярдный клуб, ресторан",https://yandex.com/maps/org/luidor/1067853514/,found,
"Праймшот, бильярдный клуб",Другое,"Юбилейный проспект, 76","Праймшот, бильярдный клуб Юбилейный проспект, 76 Москва",Прайм Шот,"Реутов, Юбилейный просп., 76","Бильярдный клуб, ресторан",https://yandex.com/maps/org/prime_shot/51197722022/,found,
"Dream, кинотеатр",Другое,"шоссе Энтузиастов, вл11 ст4","Dream, кинотеатр шоссе Энтузиастов, вл11 ст4 Москва",Dream,"Балашиха, территория Западная Коммунальная Зона, ш. Энтузиастов, вл11с4","Кинотеатр, боулинг",https://yandex.com/maps/org/dream/53697322895/,found,
Бильярд клуб,Другое,"микрорайон 1 Мая, 4","Бильярд клуб микрорайон 1 Мая, 4 Москва",Бильярд,"Балашиха, микрорайон 1 Мая, 4",Бильярдный клуб,https://yandex.com/maps/org/bilyard/65139100909/,found,
"Москвич, дворец бильярдного спорта",ЮВАО,"Волгоградский проспект, 46/15 ст16","Москвич, дворец бильярдного спорта Волгоградский проспект, 46/15 ст16 Москва","СШОР Москвич Москомспорта, Дворец бильярдного спорта","Москва, Волгоградский просп., 46/15с16",Спортивный комплекс,https://yandex.com/maps/org/sshor_moskvich_moskomsporta_dvorets_bilyardnogo_sporta/194859663101/,found,
"Ош, бильярдный клуб",ЮВАО,"Люблинская улица, 4 к1а","Ош, бильярдный клуб Люблинская улица, 4 к1а Москва",Бильярдный клуб,"Москва, Люблинская ул., 4, корп. 1А",Бильярдный клуб,https://yandex.com/maps/org/bilyardny_klub/213218240118/,found,
"Феникс, сауна",ЮВАО,"Волжский бульвар, 16 к1","Феникс, сауна Волжский бульвар, 16 к1 Москва",Феникс,"Москва, Волжский бул., 16, корп. 1","Сауна, баня, бассейн",https://yandex.com/maps/org/fenix/1075673138/,found,
Сауна,ЮВАО,"Окская улица, 36 к1","Сауна Окская улица, 36 к1 Москва",Сауна на Окской,"Москва, Окская ул., 36, корп. 1","Сауна, баня",https://yandex.com/maps/org/sauna_on_okskaya/182177292945/,found,
"Пирамида, бильярдный клуб",ЮВАО,"Спортивный проезд, 5","Пирамида, бильярдный клуб Спортивный проезд, 5 Москва",Пирамида,"Москва, Спортивный пр., 5",Бильярдный клуб,https://yandex.com/maps/org/pyramid_/1788876479/,found,
Бильярдная,ЮВАО,"улица Юных Ленинцев, 117 к1 ст1","Бильярдная улица Юных Ленинцев, 117 к1 ст1 Москва",Бильярд,"Москва, ул. Юных Ленинцев, 117, корп. 1, стр. 1",Бильярдный клуб,https://yandex.com/maps/org/bilyard/115287181613/,found,
"Шпиль, бильярдный клуб",ЮВАО,"Люблинская улица, 59","Шпиль, бильярдный клуб Люблинская улица, 59 Москва",Шпиль,"Москва, Люблинская ул., 59",Бильярдный клуб,https://yandex.com/maps/org/spire/72705543332/,found,
"Дуплет, бильярдный клуб",ЮВАО,"улица Кухмистерова, 20 к2","Дуплет, бильярдный клуб улица Кухмистерова, 20 к2 Москва",Дуплет,"Москва, ул. Кухмистерова, 20, корп. 2","Бильярдный клуб, спортбар",https://yandex.com/maps/org/duplet/1152838196/,found,
Бильярдный клуб,ЮВАО,"1-я Новокузьминская улица, 16 к2","Бильярдный клуб 1-я Новокузьминская улица, 16 к2 Москва",Бильярдный клуб,"Москва, 1-я Новокузьминская ул., 16, корп. 2","Бильярдный клуб, развлекательный центр",https://yandex.com/maps/org/bilyardny_klub/71705509059/,found,
"PlayTime, антикафе",ЮВАО,"Братиславская улица, 18 к1","PlayTime, антикафе Братиславская улица, 18 к1 Москва",PlayTime,"Москва, Братиславская ул., 18, корп. 1","Бильярдный клуб, игровые приставки, игровой клуб",https://yandex.com/maps/org/playtime/232028743566/,found,
"Узген, бильярдный клуб",ЮВАО,"улица Трофимова, 36 к1","Узген, бильярдный клуб улица Трофимова, 36 к1 Москва",Yzgen,"Москва, ул. Трофимова, 36",Бильярдный клуб,https://yandex.com/maps/org/yzgen/93016723663/,found,
3 Kenta,ЮВАО,"Лермонтовский проспект, 19","3 Kenta Лермонтовский проспект, 19 Москва",,,,,not_found,Не открылась карточка и не появились результаты поиска
"Dream Game Center, игровой центр для детей и молодежи",Другое,"Андропова проспект, 1","Dream Game Center, игровой центр для детей и молодежи Андропова проспект, 1 Москва",Dream Game Center,"Москва, просп. Андропова, 1","Боулинг, развлекательный центр, бильярдный клуб",https://yandex.com/maps/org/dream_game_center/168379665234/,found,
"Лагуна, банный комплекс",ЮВАО,"Луговой проезд, 11","Лагуна, банный комплекс Луговой проезд, 11 Москва",Лагуна,"Москва, Луговой пр., 11","Сауна, баня, оздоровительный центр",https://yandex.com/maps/org/sauna_laguna/239816207614/,found,
"Ковчег, ресторан",ЮВАО,"Жулебинский бульвар, 25","Ковчег, ресторан Жулебинский бульвар, 25 Москва",Ковчег,"Москва, Жулебинский бул., 25",Ресторан,https://yandex.com/maps/org/kovsheg/1305788613/,found,
"Азарт, бильярдный клуб",ЮВАО,"Волгоградский проспект, 32 ст8","Азарт, бильярдный клуб Волгоградский проспект, 32 ст8 Москва",Азарт,"Москва, Волгоградский просп., 32, корп. 8",Бильярдный клуб,https://yandex.com/maps/org/azart/114698763108/,found,
"Изумруд, бильярдный клуб",ЮВАО,"Люблинская улица, 126","Изумруд, бильярдный клуб Люблинская улица, 126 Москва",Бильярдный клуб Изумруд,"Москва, Люблинская ул., 126","Бильярдный клуб, кальян-бар, бар",https://yandex.com/maps/org/billiard_club_izumrud/19661974599/,found,
"Лига, бильярдный клуб",ЮАО,"улица Мусы Джалиля, 4 к6","Лига, бильярдный клуб улица Мусы Джалиля, 4 к6 Москва",Лига,"Москва, ул. Мусы Джалиля, 4, корп. 6","Бильярдный клуб, спортбар",https://yandex.com/maps/org/liga/157168697301/,found,
"Бильярд классик, бильярдный зал",ЮВАО,"Волгоградский проспект, 32 ст8","Бильярд классик, бильярдный зал Волгоградский проспект, 32 ст8 Москва",Billiard Classic,"Москва, Волгоградский просп., 32, корп. 8","Бильярдный клуб, чайхана",https://yandex.com/maps/org/billiard_classic/234358598580/,found,
База,ЮАО,"Электролитный проезд, 3 ст1","База Электролитный проезд, 3 ст1 Москва",База,"Москва, Электролитный пр., 3, стр. 1","Ресторан, спортивно-развлекательный центр, бильярдный клуб",https://yandex.com/maps/org/baza/157885747405/,found,
Бильярдный зал,ЮВАО,"Люблинская улица, 102а","Бильярдный зал Люблинская улица, 102а Москва",Бильярд,"Москва, Люблинская ул., 102А",Бильярдный клуб,https://yandex.com/maps/org/bilyard/214390508399/,found,
Бильярдный мир,ЮВАО,"Поречная улица, 10","Бильярдный мир Поречная улица, 10 Москва",Бильярдный Мир,"Москва, Поречная ул., 10",Бильярдный клуб,https://yandex.com/maps/org/bilyardny_mir/34815015230/,found,
"312, бильярдный клуб",Другое,"Андропова проспект, 37","312, бильярдный клуб Андропова проспект, 37 Москва",312,"Москва, просп. Андропова, 37","Бильярдный клуб, игровые приставки, бар",https://yandex.com/maps/org/312/202611811289/,found,
"Киноформат, киноцентр",Другое,"улица Побратимов, 7","Киноформат, киноцентр улица Побратимов, 7 Москва",Киноформат,"Люберцы, ул. Побратимов, 7",Кинотеатр,https://yandex.com/maps/org/kinoformat/2530288898/,found,
Бильярдный клуб,ЮАО,"Андропова проспект, 36","Бильярдный клуб Андропова проспект, 36 Москва",Восьмерка,"Москва, просп. Андропова, 36",Бильярдный клуб,https://yandex.com/maps/org/vosmerka/230736427264/,found,
"Жулебино kg, бильярдный клуб",ЮВАО,"улица Генерала Кузнецова, 28 к1","Жулебино kg, бильярдный клуб улица Генерала Кузнецова, 28 к1 Москва",Билярд жулебино kg,"Москва, ул. Генерала Кузнецова, 28, корп. 1",Бильярдный клуб,https://yandex.com/maps/org/bilyard_zhulebino_kg/142402888524/,found,
"Реванш, бильярдный клуб",ЮАО,"улица Борисовские Пруды, 12 к1","Реванш, бильярдный клуб улица Борисовские Пруды, 12 к1 Москва",Реванш,"ул. Борисовские Пруды, 12, корп. 1, Москва","Бильярдный клуб, бар, игровой клуб",https://yandex.com/maps/org/revansh/75290891306/,found,
"Аляска, бар-бильярдная",Другое,"Октябрьский проспект, 198","Аляска, бар-бильярдная Октябрьский проспект, 198 Москва",Аляска,"Люберцы, Октябрьский просп., 198","Ресторан, банкетный зал, бильярдный клуб",https://yandex.com/maps/org/alyaska/1771564435/,found,
"Маяк, сауна",ЮВАО,"Поречная улица, 3 к3","Маяк, сауна Поречная улица, 3 к3 Москва",Маяк,"Москва, Поречная ул., 3, корп. 3","Сауна, баня, спа-салон",https://yandex.com/maps/org/mayak/161404822632/,found,
"Бронзовый лев, английский паб",ЮАО,"Бакинская улица, 6","Бронзовый лев, английский паб Бакинская улица, 6 Москва",Бронзовый Лев,"Москва, Бакинская ул., 6","Ресторан, бильярдный клуб",https://yandex.com/maps/org/bronze_lion/73006407924/,found,
Бильярдный клуб,ЮАО,"Болотниковская улица, 12","Бильярдный клуб Болотниковская улица, 12 Москва",Москворецкий,"Москва, Болотниковская ул., 12, стр. 4",Бильярдный клуб,https://yandex.com/maps/org/moskvoretskiy/2974661974/,found,
Бильярдный зал,ЮЗАО,"Азовская улица, 18","Бильярдный зал Азовская улица, 18 Москва",Бильярд,"Москва, Азовская ул., 18",Бильярдный клуб,https://yandex.com/maps/org/bilyard/110664235030/,found,
"Poolschool, детская школа бильярда",ЮАО,"Электролитный проезд, 7 к2","Poolschool, детская школа бильярда Электролитный проезд, 7 к2 Москва",Poolschool,"Москва, Электролитный пр., 7, корп. 2, стр. 3","Спортивный клуб, секция, бильярдный клуб",https://yandex.com/maps/org/poolschool/1195539103/,found,
"Панда Клуб, бильярдный клуб",ЮЗАО,"улица Бутлерова, 17","Панда Клуб, бильярдный клуб улица Бутлерова, 17 Москва",Клуб Панда,"Москва, ул. Бутлерова, 17",Бильярдный клуб,https://yandex.com/maps/org/panda/243216656138/,found,
"Дружба, бильярдный клуб",ЮАО,"Кировоградская улица, 11 к1","Дружба, бильярдный клуб Кировоградская улица, 11 к1 Москва",Дружба,"Москва, Кировоградская ул., 11, корп. 1","Бильярдный клуб, теннисный клуб",https://yandex.com/maps/org/druzhba/97892760350/,found,
"План Б, бильярдный класс",ЮЗАО,"улица Бутлерова, 17","План Б, бильярдный класс улица Бутлерова, 17 Москва",План Б Бильярд,"Москва, ул. Бутлерова, 17",Бильярдный клуб,https://yandex.com/maps/org/plan_b/116715201076/?yclid=13251179084833882111,found,
3-стола,ЮАО,"Кантемировская улица, 6 к1","3-стола Кантемировская улица, 6 к1 Москва",Центр госуслуг Мои документы,"Москва, ул. Медиков, 1/1к3",МФЦ,https://yandex.com/maps/org/tsentr_gosuslug_moi_dokumenty/1301448977/,found,
"Принц парк отель, гостиничный комплекс",ЮЗАО,"Новоясеневский проспект, 1Б к1","Принц парк отель, гостиничный комплекс Новоясеневский проспект, 1Б к1 Москва",Принц Парк Отель,"Москва, Новоясеневский просп., 1Б, корп. 1",Гостиница,https://yandex.com/maps/org/prince_park_hotel/1317022278/?yclid=11969603475300941823,found,
"Билич, бильярдный бар",ЮАО,"Чертановская улица, 47 к2","Билич, бильярдный бар Чертановская улица, 47 к2 Москва",Билич,"Москва, Чертановская ул., 47, корп. 2","Бильярдный клуб, спортбар",https://yandex.com/maps/org/bilich/116209778382/,found,
"Кочевники, чайхана",ЮЗАО,"Миклухо-Маклая улица, 42Б","Кочевники, чайхана Миклухо-Маклая улица, 42Б Москва",Чайхана 24 Бильярдный,"Москва, ул. Миклухо-Маклая, 42Б","Ресторан, кафе, бильярдный клуб",https://yandex.com/maps/org/chaykhana_24_bilyard/15604244235/,found,
"Своя Атмосфера, г. Москва",ЮАО,"Чертановская улица, 47 к1","Своя Атмосфера, г. Москва Чертановская улица, 47 к1 Москва",Своя Атмосфера,"Москва, Чертановская ул., 47, корп. 1","Бильярдный клуб, бар",https://yandex.com/maps/org/svoya_atmosfera/239284301631/,found,
"ВернадсКий, бильярдный клуб",ЗАО,"Вернадского проспект, 37 к2","ВернадсКий, бильярдный клуб Вернадского проспект, 37 к2 Москва",ВернадсКий,"Москва, просп. Вернадского, 37, корп. 2","Бильярдный клуб, ресторан, бар",https://yandex.com/maps/org/vernadskiy/151047942223/,found,
"Космик, развлекательные центры",ЗАО,"Вернадского проспект, 6","Космик, развлекательные центры Вернадского проспект, 6 Москва",Космик,"Москва, просп. Вернадского, 6","Магазин бильярда, развлекательный центр, боулинг, игровой клуб",https://yandex.com/maps/org/kosmik/1015408289/,found,
"Арена, бильярдный клуб",ЮЗАО,"улица Намёткина, 3","Арена, бильярдный клуб улица Намёткина, 3 Москва",Арена,"Москва, ул. Намёткина, 3",Бильярдный клуб,https://yandex.com/maps/org/arena/71603841066/,found,
"Rich-House, банный комплекс и сауна",ЮЗАО,"улица Новаторов, 7а к2","Rich-House, банный комплекс и сауна улица Новаторов, 7а к2 Москва",Богатый-дом,"Москва, ул. Новаторов, 7А, корп. 2","Сауна, баня",https://yandex.com/maps/org/rich_house/181942271004/,found,
"Duya, бильярдный зал",ЮЗАО,"Миклухо-Маклая улица, 47а","Duya, бильярдный зал Миклухо-Маклая улица, 47а Москва",Duya,"Москва, ул. Миклухо-Маклая, 47А","Бильярдный клуб, бар",https://yandex.com/maps/org/duya/44506499816/,found,
"Сc hot pot & бильярд, бильярдный зал",ЗАО,"улица Покрышкина, 2 к1","Сc hot pot & бильярд, бильярдный зал улица Покрышкина, 2 к1 Москва",СС hot pot & бильярд,"Москва, ул. Покрышкина, 2, корп. 1","Бильярдный клуб, кафе",https://yandex.com/maps/org/ss_hot_pot_bilyard/223115342604/,found,
"Принц, бильярдный клуб",ЮЗАО,"Новоясеневский проспект, 1Б к1","Принц, бильярдный клуб Новоясеневский проспект, 1Б к1 Москва",Принц,"Москва, Новоясеневский просп., 1Б, корп. 1","Бильярдный клуб, ресторан, развлекательный центр",https://yandex.com/maps/org/prince/196926850589/,found,
"Шварцвальд, ресторан",ЗАО,"улица Удальцова, 42","Шварцвальд, ресторан улица Удальцова, 42 Москва",Шварцвальд,"Москва, ул. Удальцова, 42","Ресторан, бар, бильярдный клуб",https://yandex.com/maps/org/shvartsvald/1009596131/,found,
"Бирхен, ресторан",ЮАО,"Каширское шоссе, 80","Бирхен, ресторан Каширское шоссе, 80 Москва",Бирхен,"Москва, Каширское ш., 80","Ресторан, караоке-клуб, бар",https://yandex.com/maps/org/birhen/1159163708/,found,
"Планета, бильярдный клуб",ЮЗАО,"Миклухо-Маклая улица, 18 к1","Планета, бильярдный клуб Миклухо-Маклая улица, 18 к1 Москва",Планета,"Москва, ул. Миклухо-Маклая, 18, корп. 1","Бильярдный клуб, бар, развлекательный центр",https://yandex.com/maps/org/planeta/133218628695/,found,
"Тимур, ресторан-бильярдная",ЗАО,"Ленинский проспект, 146","Тимур, ресторан-бильярдная Ленинский проспект, 146 Москва",Тимур,"Москва, Ленинский просп., 146",Ресторан,https://yandex.com/maps/org/timur/1002469070/,found,
"Беркут, бильярдный клуб",ЮАО,"улица Академика Янгеля, 6 к1","Беркут, бильярдный клуб улица Академика Янгеля, 6 к1 Москва",Беркут,"Москва, Уральская ул., 1Б, стр. 1",Бильярдный клуб,https://yandex.com/maps/org/berkut/101737305302/,found,
"Атлантис Кино, бильярдный зал",ЮАО,"Варшавское шоссе, 160","Атлантис Кино, бильярдный зал Варшавское шоссе, 160 Москва",Атлантис Кино,"Москва, Варшавское ш., 160","Кинотеатр, бильярдный клуб",https://yandex.com/maps/org/atlantis_kino/147325493902/,found,
"Бкм, бильярдный клуб",Другое,"улица Академика Варги, 8 к1","Бкм, бильярдный клуб улица Академика Варги, 8 к1 Москва",БКМ,"Москва, ул. Академика Варги, 8, корп. 1","Бильярдный клуб, ресторан",https://yandex.com/maps/org/billiard_club_moscow/177957160313/,found,
Китайский бильярдный клуб,ЗАО,"Вернадского проспект, 89 к1","Китайский бильярдный клуб Вернадского проспект, 89 к1 Москва",Бильярдный клуб,"Москва, просп. Вернадского, 89, корп. 1",Бильярдный клуб,https://yandex.com/maps/org/bilyardny_klub/130646507958/,found,
Бильярдный клуб,ЗАО,"улица Лобачевского, 114","Бильярдный клуб улица Лобачевского, 114 Москва",Бильярдный клуб,"Москва, ул. Лобачевского, 114",Бильярдный клуб,https://yandex.com/maps/org/bilyardny_klub/206309323823/,found,
"Poolschool, детская школа бильярда",ЮЗАО,"Новоясеневский проспект, 2а","Poolschool, детская школа бильярда Новоясеневский проспект, 2а Москва",Poolschool,"Москва, Новоясеневский просп., 2А, стр. 1","Спортивный клуб, секция, спортивная школа, спортивно-развлекательный центр, бильярдный клуб",https://yandex.com/maps/org/poolschool/231684386744/,found,
Модус V,ЗАО,"32-й квартал, вл16 ст2","Модус V 32-й квартал, вл16 ст2 Москва",Центр госуслуг Мои документы,"Москва, Домостроительная ул., 2А",МФЦ,https://yandex.com/maps/org/tsentr_gosuslug_moi_dokumenty/1381941210/,found,
Бильярдная комната,ЗАО,"Торговая улица, ст1","Бильярдная комната Торговая улица, ст1 Москва",Бильярдный клуб № 1,"Москва, Киевская ул., 2","Бильярдный клуб, караоке-клуб, ресторан",https://yandex.com/maps/org/bilyardnyy_klub_1/77420212090/,found,
"Экипаж, гостиничный комплекс",Другое,"1-я Рейсовая улица, 13","Экипаж, гостиничный комплекс 1-я Рейсовая улица, 13 Москва",Экипаж,"посёлок Внуково, 1-я Рейсовая ул., 13",Гостиница,https://yandex.com/maps/org/ekipazh/31237182185/,found,
"Vada, бильярдный клуб",Другое,"бульвар Веласкеса, 3 к1","Vada, бильярдный клуб бульвар Веласкеса, 3 к1 Москва",Vada,"Москва, Новомосковский административный округ, район Коммунарка, бульвар Веласкеса, 3, корп. 1",Бильярдный клуб,https://yandex.com/maps/org/vada/160335725245/,found,
"Витязь, бильярдный бар-клуб",ЗАО,"Большая Филёвская улица, 35","Витязь, бильярдный бар-клуб Большая Филёвская улица, 35 Москва",Витязь,"Москва, Большая Филёвская ул., 35","Бильярдный клуб, бар",https://yandex.com/maps/org/vityaz/1128015006/,found,
"Chester, бильярдный клуб",Другое,"Калужское шоссе 22 километр, 10","Chester, бильярдный клуб Калужское шоссе 22 километр, 10 Москва",Chester,"Москва, Новомосковский административный округ, район Коммунарка, Калужское шоссе, 22-й километр, 10",Бильярдный клуб,https://yandex.com/maps/org/chester/190638040032/,found,
Бильярдный клуб,ЗАО,"Родниковая улица, 2 к3","Бильярдный клуб Родниковая улица, 2 к3 Москва",Бильярдный клуб,"Москва, Родниковая ул., 2",Бильярдный клуб,https://yandex.com/maps/org/bilyardny_klub/65916212166/,found,
Бильярдный клуб,Другое,"Калужское шоссе 22 километр, 10 ст19","Бильярдный клуб Калужское шоссе 22 километр, 10 ст19 Москва",Chester,"Москва, Новомосковский административный округ, район Коммунарка, Калужское шоссе, 22-й километр, 10",Бильярдный клуб,https://yandex.com/maps/org/chester/190638040032/,found,
"Беш-Бармак, чайхана",Другое,"1-й микрорайон, 43а","Беш-Бармак, чайхана 1-й микрорайон, 43а Москва",Чайхана Беш-Бармак,"Московский, 1-й микрорайон, 43А","Кафе, банкетный зал, ресторан",https://yandex.com/maps/org/beshbarmak/140940808875/,found,
"Транзит Времени, бильярдный клуб-бар и ресторан",СЗАО,"улица Кулакова, 20 к1","Транзит Времени, бильярдный клуб-бар и ресторан улица Кулакова, 20 к1 Москва",Транзит Времени,"Москва, ул. Кулакова, 20, корп. 1","Бильярдный клуб, ресторан, бар",https://yandex.com/maps/org/transit_vremeni/1805901198/,found,
"Золотой Шар, боулинг-клуб и бильярдный клуб",Другое,"улица 50 лет Октября, 12","Золотой Шар, боулинг-клуб и бильярдный клуб улица 50 лет Октября, 12 Москва",Золотой Шар,"Красногорск, ул. 50 лет Октября, 12","Боулинг, организация мероприятий, кафе, бильярдный клуб",https://yandex.com/maps/org/zolotoy_shar/1175735463/,found,
"Виктория, рестобар-бильярдная",Другое,"бульвар Любы Новоселовой, 5","Виктория, рестобар-бильярдная бульвар Любы Новоселовой, 5 Москва",Виктория,"Одинцово, бул. Любы Новосёловой, 5","Бар, кальян-бар, бильярдный клуб",https://yandex.com/maps/org/victory/1043451080/,found,
"АмбарЪ, развлекательный центр",Другое,"улица Свободы, 1","АмбарЪ, развлекательный центр улица Свободы, 1 Москва",АмбарЪ,"Одинцово, ул. Свободы, 1","Боулинг, ресторан, ночной клуб",https://yandex.com/maps/org/ambar/235366013563/,found,
"B-8, бильярдный клуб",Другое,"улица Маковского, 2а","B-8, бильярдный клуб улица Маковского, 2а Москва",B-8,"Одинцово, ул. Маковского, 2А","Бильярдный клуб, ресторан, бар",https://yandex.com/maps/org/b_8/199442758975/,found,
РгоБильярд,Другое,"Красногорский бульвар, 4 к1","РгоБильярд Красногорский бульвар, 4 к1 Москва",РгоБильярд,"Красногорск, Красногорский бул., 4, корп. 1",Бильярдный клуб,https://yandex.com/maps/org/probilyard/163669326399/,found,
"Пойма, бильярд",Другое,"Красногорский бульвар, 4р","Пойма, бильярд Красногорский бульвар, 4р Москва",Бильярд,"Красногорск, Красногорский бул., 4Р",Бильярдный клуб,https://yandex.com/maps/org/bilyard/91541808339/,found,
"Республика, бильярдный клуб",Другое,"улица Ленина, 28","Республика, бильярдный клуб улица Ленина, 28 Москва",Республика,"село Ильинское, ул. Ленина, 28","Бильярдный клуб, кальян-бар, спортбар",https://yandex.com/maps/org/respublika/244810376108/,found,
"Удача, бильярдный клуб",СЗАО,"Туристская улица, 17","Удача, бильярдный клуб Туристская улица, 17 Москва",Удача,"Москва, Туристская ул., 17","Бар, паб, бильярдный клуб",https://yandex.com/maps/org/udacha/1558502163/,found,
"Кодру М, сауна",СЗАО,"Нелидовская улица, 18","Кодру М, сауна Нелидовская улица, 18 Москва",Кодру М,"Москва, Нелидовская ул., 18","Сауна, баня, бассейн",https://yandex.com/maps/org/kodru_m/1126746517/,found,
"Космик, развлекательные центры",СЗАО,"МКАД 71 километр, 16а","Космик, развлекательные центры МКАД 71 километр, 16а Москва",Космик,"п. г. т. Путилково, МКАД, 71-й километр, 16А","Развлекательный центр, боулинг, игровой клуб",https://yandex.com/maps/org/cosmik/1113596982/,found,
"Игралайф, развлекательный центр",САО,"Правобережная улица, 1Б","Игралайф, развлекательный центр Правобережная улица, 1Б Москва",Игралайф,"Москва, Правобережная ул., 1Б","Развлекательный центр, игровая комната, боулинг, бильярдный клуб",https://yandex.com/maps/org/igralife/1082485829/,found,
"7 луза, бильярдный клуб",Другое,"Соколово-Мещерская улица, 16/114","7 луза, бильярдный клуб Соколово-Мещерская улица, 16/114 Москва",Бильярд,"Москва, Соколово-Мещерская ул., 16/114","Бильярдный клуб, бар",https://yandex.com/maps/org/sedmaya_luza/1211571164/,found,
"Пингвин, бильярдный клуб",Другое,"Молодёжная улица, 6","Пингвин, бильярдный клуб Молодёжная улица, 6 Москва",Пингвин,"Химки, Молодёжная ул., 6","Бильярдный клуб, кафе, сауна",https://yandex.com/maps/org/penguin/181759902778/,found,
Сауна,СЗАО,"переулок Ангелов, 6 к2","Сауна переулок Ангелов, 6 к2 Москва",Водолей,"Москва, Ангелов пер., 6, корп. 2","Сауна, баня, бильярдный клуб",https://yandex.com/maps/org/vodoley/2596587773/,found,
"БлокПост, бильярдный клуб",Другое,"Юбилейный проспект, 40","БлокПост, бильярдный клуб Юбилейный проспект, 40 Москва",Блок пост,"Химки, Юбилейный просп., 40","Бильярдный клуб, кальян-бар, бар",https://yandex.com/maps/org/blok_post/1714117955/,found,
"Мама дали, кафе",САО,"улица Пожарского, 22 ст1","Мама дали, кафе улица Пожарского, 22 ст1 Москва",Мама Дали,"Химки, ул. Пожарского, 22, стр. 1","Кафе, ресторан, бар",https://yandex.com/maps/org/mama_dali/14305490167/,found,
Private billiards,СЗАО,"Новокуркинское шоссе, 1","Private billiards Новокуркинское шоссе, 1 Москва",Бильярд,"Москва, Новокуркинское ш., 1","Бильярдный клуб, антикафе",https://yandex.com/maps/org/bilyard/144482073912/,found,
Академия снукера,Другое,"улица Ильича, 7","Академия снукера улица Ильича, 7 Москва",Академия снукера,"Королёв, ул. Ильича, 7","Спортивный клуб, секция, спортивная школа, бильярдный клуб",https://yandex.com/maps/org/bk_akademiya_snukera/1717262809/,found,
"Snooker, бильярдный клуб",Другое,"40-й комплекс, 6а","Snooker, бильярдный клуб 40-й комплекс, 6а Москва",Snooker,"Набережные Челны, ул. Шамиля Усманова, 31","Бильярдный клуб, кафе, бар",https://yandex.com/maps/org/bilyardny_klub_snooker/233481579745/,found,
